{
  "XGBoost": {
    "auc_roc": 0.993827,
    "auc_pr": 0.856638,
    "best_threshold": 0.95,
    "best_f1": 0.792685,
    "precision": 0.830679,
    "recall": 0.758014
  },
  "LightGBM": {
    "auc_roc": 0.994192,
    "auc_pr": 0.86382,
    "best_threshold": 0.95,
    "best_f1": 0.800666,
    "precision": 0.832897,
    "recall": 0.770836
  },
  "Ensemble": {
    "auc_roc": 0.994348,
    "auc_pr": 0.865191,
    "best_threshold": 0.95,
    "best_f1": 0.802934,
    "precision": 0.841042,
    "recall": 0.768129,
    "weight_lgbm": 0.9,
    "weight_xgbm": 0.1
  }
}